China,,,,,,,,,,,,,,,,,,,,,,,,,,,,,,,,,,,
Common Name,CrowdStrike,IRL,Kaspersky,Secureworks,Mandiant,FireEye,Symantec,iSight,Cisco (Sourcefire/VRT > Talos),Palo Alto Unit 42,Other Names,Operation 1,Operation 2,Operation 3,Operation 4,Toolset / Malware,Targets,Modus Operandi,Overlaps to,Comment,Link 1,Link 2,Link 3,Link 4,Link 5,Link 6,Link 7,Link 8,Link 9,Link 10,Link 11,Link 12,Link 13,Link 14,Link 15
Comment Crew,Comment Panda,PLA Unit 61398,,TG-8223,APT1,,,BrownFox,Group 3,,"GIF89a, ShadyRAT, Shanghai Group, Byzantine Candor",Shady RAT,GhostNet,,,"WEBC2, BISCUIT and many others","U.S. cybersecurity firm Mandiant, later purchased by FireEye, released a report in February 2013 that exposed one of China's cyber espionage units, Unit 61398. The group, which FireEye called APT1, is a unit within China's People's Liberation Army (PLA) that has been linked to a wide range of cyber operations targeting U.S. private sector entities for espionage purposes. The comprehensive report detailed evidence connecting APT1 and the PLA, offered insight into APT1's operational malware and methodologies, and provided timelines of the espionage it conducted.",,,,http://www.mcafee.com/us/resources/white-papers/wp-operation-shady-rat.pdf,http://www.nytimes.com/2013/02/19/technology/chinas-army-is-seen-as-tied-to-hacking-against-us.html?emc=na&_r=2&,https://www.secureworks.com/research/analysis-of-dhs-nccic-indicators,https://www.scribd.com/doc/13731776/Tracking-GhostNet-Investigating-a-Cyber-Espionage-Network,http://www.nartv.org/mirror/ghostnet.pdf,,,,,,,,,,
APT2,Putter Panda,PLA Unit 61486,,TG-6952,APT2,,,,Group 36,,SearchFire,,,,,"Their activities are commonly known to be exploiting CVE-2012-0158 (MSOffice vulnerability in MSCOMCTL.OCX) in SpearPhising operations. Related malware: Moose, Warp, MSUpdater","This threat actor targets firms in the technology (communications, space, aerospace), research, defense, and government sectors in the United States for espionage purposes. The tools and infrastructure it uses overlap with PLA Unit 61398.",,,,http://cdn0.vox-cdn.com/assets/4589853/crowdstrike-intelligence-report-putter-panda.original.pdf,http://icitech.org/icit-brief-chinas-espionage-dynasty-economic-death-by-a-thousand-cuts/,,,,,,,,,,,,,
UPS,Gothic Panda,,,TG-0110,APT3,,Buckeye,UPS Team,Group 6,,"Boyusec – the Guangzhou Boyu Information Technology Company, Ltd",Clandestine Fox,Double Tap,Clandestine Wolf,,"Shotput, Pirpi, PlugX/Sogu, Kaba, Cookie Cutter, many 0days: IE, Firefox, and Flash, SportLoader, Shadow Brokers exploits, DoublePulsar, Bemstour, Filensfer","This threat actor targets and compromises entities in the defense, construction, technology, and transportation sectors. Up until 2015, it was primarily focused on U.S. and UK entities, but it shifted to Hong Kongâ€“based targets afterward. Aerospace and Defence; Construction and Engineering; Energy; High Tech; Nonprofit; Telecommunications; Transportation",,,,https://www.fireeye.com/blog/threat-research/2015/06/operation-clandestine-wolf-adobe-flash-zero-day.html,http://www.secureworks.com/resources/blog/research/threat-group-0110-targets-manufacturing-and-financial-organizations-via-phishing/,http://www.symantec.com/connect/blogs/buckeye-cyberespionage-group-shifts-gaze-us-hong-kong,https://intrusiontruth.wordpress.com/2017/05/09/apt3-is-boyusec-a-chinese-intelligence-contractor/,https://www.fireeye.com/current-threats/apt-groups.html,https://www.recordedfuture.com/chinese-mss-behind-apt3/,http://freebeacon.com/national-security/u-s-indicts-three-chinese-hackers-linked-security-firm/amp/,https://www.washingtonpost.com/world/national-security/china-hacked-a-navy-contractor-and-secured-a-trove-of-highly-sensitive-data-on-submarine-warfare/2018/06/08/6cc396fa-68e6-11e8-bea7-c8eb28bc52b1_story.html?noredirect=on&utm_term=.209df584e031,https://intrusiontruth.wordpress.com/2018/05/22/the-destruction-of-apt3/,https://www.symantec.com/blogs/threat-intelligence/buckeye-windows-zero-day-exploit,,,,,
IXESHE,Numbered Panda,,,TG-2754 (tentative),APT12,BeeBus,,Calc Team,Group 22,,"DynCalc, Crimson Iron, DNSCalc",NYT Oct 2012,,,,"Etumbot, Riptide, Hightide, ThreeByte, Waterspout, Mswab, Gh0st, ShowNews, 3001","This threat actor targets organizations in Japan, Taiwan, and elsewhere in East Asiaâ€”including electronics manufacturers and telecommunications companiesâ€”for espionage purposes.",,,,http://www.crowdstrike.com/blog/whois-numbered-panda/,http://www.computerworld.com/s/article/9241577/The_Chinese_hacker_group_that_hit_the_N.Y._Times_is_back_with_updated_tools?taxonomyId=17,http://blog.crowdstrike.com/whois-numbered-panda/,http://www.secureworks.com/cyber-threat-intelligence/threats/analysis-of-dhs-nccic-indicators/,http://blog.trendmicro.com/taking-a-bite-out-of-ixeshe/,http://www.arbornetworks.com/asert/2014/06/illuminating-the-etumbot-apt-backdoor/,https://cysinfo.com/sx-2nd-meetup-reversing-and-decrypting-the-communications-of-apt-malware/,http://blog.macnica.net/blog/2017/08/post-fb81.html,,,,,,,
APT16,,,,,APT16,,,,,,,,,,,"ELMER backdoor, Gh0st, HTRAN, UNICAT,Poison Ivy, Pandora","This threat actor targets and compromises Japanese and Taiwanese entities in the finance, tech, media, and government sectors.","Spear phishing email delivering a malicious Microsoft Word document exploiting EPS dict copy use-after-free vulnerability, and the local Windows privilege escalation vulnerability CVE-2015-1701. The successful exploitation of both vulnerabilities led to the delivery of either a downloader (IRONHALO), or a backdoor (ELMER). Also known to be using compromised VPN credentials to maintain network persistency. ",,,https://www.fireeye.com/blog/threat-research/2015/12/the_eps_awakens.html,https://www.fireeye.com/blog/threat-research/2015/12/the-eps-awakens-part-two.html,https://securelist.com/analysis/publications/74828/cve-2015-2545-overview-of-current-threats/,,,,,,,,,,,,
Hidden Lynx,Aurora Panda,,,,APT17,Deputy Dog,Hidden Lynx,Tailgater Team,Group 8,,"Axiom, SportsFans, Winnti Umbrella",Ephemeral Hydra,,,,"BLACKCOFFEE, WEBCnC, Joy RAT, PlugX, Trojan.Naid, Backdoor.Moudoor, Backdoor.Vasport, Backdoor.Boda, Trojan.Hydraq, ZxShell, Sakula, China Chopper, DestroyRAT","Government, defense & aerospace, industrial engineering, NGOs",,,,http://www.fireeye.com/blog/technical/cyber-exploits/2013/09/operation-deputydog-zero-day-cve-2013-3893-attack-against-japanese-targets.html,http://www.fireeye.com/blog/technical/cyber-exploits/2013/11/operation-ephemeral-hydra-ie-zero-day-linked-to-deputydog-uses-diskless-method.html,http://www.symantec.com/content/en/us/enterprise/media/security_response/whitepapers/hidden_lynx.pdf,http://www.darkreading.com/attacks-and-breaches/chinese--hidden-lynx--hackers-launch-widespread-apt-attacks/d/d-id/1111589?page_number=2,https://www.rsaconference.com/writable/presentations/file_upload/crwd-t11-hide_and_seek-how_threat_actors_respond_in_the_face_of_public_exposure.pdf,http://www.crowdstrike.com/blog/french-connection-french-aerospace-focused-cve-2014-0322-attack-shares-similarities-2012/,https://401trg.com/burning-umbrella/,https://www.infosecurity-magazine.com/news/chinese-espionage-group-widescale/,https://intrusiontruth.wordpress.com/2019/07/24/apt17-is-run-by-the-jinan-bureau-of-the-chinese-ministry-of-state-security/,,,,,,
Wekby,Dynamite Panda,,,TG-0416,APT18,,,,,,TA428,Maudi,,,,"HTTPBrowser, TokenControl, HcdLoader, PisLoader",Aerospace and Defence; Construction and Engineering; Education; Health and Biotechnology; High Tech; Telecommunications; Transportation,,,,https://threatpost.com/apt-gang-branches-out-to-medical-espionage-in-community-health-breach/107828,http://www.slideshare.net/CrowdStrike/crowd-casts-monthly-you-have-an-adversary-problem,https://www.threatstream.com/blog/evasive-maneuvers-the-wekby-group-attempts-to-evade-analysis-via-custom-rop,http://researchcenter.paloaltonetworks.com/2016/05/unit42-new-wekby-attacks-use-dns-requests-as-command-and-control-mechanism/,https://paper.seebug.org/papers/APT/APT_CyberCriminal_Campagin/2012/NormanShark-MaudiOperation.pdf,https://www.proofpoint.com/us/threat-insight/post/chinese-apt-operation-lagtime-it-targets-government-information-technology,,,,,,,,,
Axiom,,,,,APT17,,,Tailgater Team,Group 72,,"Dogfish (iDefense), Deputy Dog (iDefense), Winnti Umbrella",SMN,,,,"Winnti, Gh0st RAT, PoisonIvy, HydraQ, Hikit, ZxShell, Deputy Dog, Derusbi, PlugX, HTRAN, HDRoot, Fscan, Timestomper",,,Shell Crew,"Use ""Skeleton Key"" on DCs",http://securelist.com/blog/research/57585/winnti-faq-more-than-just-a-game/,http://www.novetta.com/files/5614/1329/6232/novetta_cybersecurity_exec_summary-3.pdf,http://www.novetta.com/2015/04/operation-smn-winnti-update/,https://securelist.com/analysis/publications/72275/i-am-hdroot-part-1/,https://401trg.com/burning-umbrella/,https://blog.trendmicro.com/trendlabs-security-intelligence/supply-chain-attack-operation-red-signature-targets-south-korean-organizations/,,,,,,,,,
Winnti Group,Wicked Panda,,,,APT41,,,,,,"Winnti Umbrella, BARIUM, LEAD",,,,,"Winnti, AceHash, PlugX, Webshells, ZxShell","ThyssenKrupp, Gameforge, Valve, Teamviewer,Siemens, Sumitomo, BASF, Covestro, Shin-Etsu, Bayer, Roche",,"Deep Panda, Wicked Spider",,http://blog.trendmicro.com/trendlabs-security-intelligence/winnti-abuses-github/,https://www.protectwise.com/blog/winnti-evolution-going-open-source.html,https://www.nccgroup.trust/uk/about-us/newsroom-and-events/blogs/2015/january/windows-firewall-hook-enumeration/,https://www.nccgroup.trust/globalassets/our-research/uk/technical-advisories/2015/derusbi-server-technical-note-1-1-tlp-white.pdf,https://lab52.io/blog/winnti-group-geostrategic-analysis-and-ttp/,https://web.br.de/interaktiv/winnti/index.html,,,,,,,,,
Shell Crew,Deep Panda,,WebMasters,,APT19,KungFu Kittens,,,Group 13,,"Sh3llCr3w, PinkPanther, Winnti Group",Anthem,OPM,Anthem Hack,,"Sakula/Sakurel, Derusbi, Scanbox Framework, many Webshells including China Chopper, WCE",,,"Axiom, Winnti",,http://cybercampaigns.net/wp-content/uploads/2013/06/Deep-Panda.pdf,https://www.isightpartners.com/2015/07/threatscape-media-highlights-update-week-of-july-29th/,https://www.fireeye.com/blog/threat-research/2017/06/phished-at-the-request-of-counsel.html,,,,,,,,,,,,
Naikon,Lotus Panda,PLA Unit 78020,Naikon,,APT30,,Thrip,,,,,MsnMM,Naikon,Camera Shy,,"RARSTONE, BACKSPACe, NETEAGLE, XSControl","satellite communications operator, Telecoms, and Defense Companies, Hong Kong",,,,https://securelist.com/analysis/publications/69953/the-naikon-apt/,http://blog.trendmicro.com/trendlabs-security-intelligence/rarstone-found-in-targeted-attacks/,https://www.threatconnect.com/camerashy/,http://www.crowdstrike.com/blog/rhetoric-foreshadows-cyber-activity-in-the-south-china-sea/,https://www.symantec.com/blogs/threat-intelligence/thrip-hits-satellite-telecoms-defense-targets,https://www.crowdstrike.com/resources/reports/2019-crowdstrike-global-threat-report/,https://www.symantec.com/blogs/threat-intelligence/thrip-apt-south-east-asia,,,,,,,,
Lotus Blossom,,,Spring Dragon,,,,,,,Lotus Blossom,"ST Group, Esile",Operation Lotus Blossom,,,,"Elise Backdoor, Lstudio, CVE-2017-11882",,,,,https://securelist.com/blog/research/70726/the-spring-dragon-apt/,http://researchcenter.paloaltonetworks.com/2015/06/operation-lotus-blossom/,https://securelist.com/blog/research/70726/the-spring-dragon-apt/,http://www.trendmicro.com.my/vinfo/my/security/news/cyber-attacks/esile-targeted-attack-campaign-hits-apac-governments,http://researchcenter.paloaltonetworks.com/2015/12/attack-on-french-diplomat-linked-to-operation-lotus-blossom/,https://community.rsa.com/community/products/netwitness/blog/2018/01/30/apt32-continues-asean-targeting,https://www.accenture.com/t20180127T003755Z__w__/us-en/_acnmedia/PDF-46/Accenture-Security-Dragonfish-Threat-Analysis.pdf,,,,,,,,
APT6,,,,,APT6,,,,,,1.php Group,,,,,"Poison Ivy, ",US Government Organizations,,,Overlaps with Operation Night Dragon,https://motherboard.vice.com/read/fbi-flash-alert-hacking-group-has-had-access-to-us-govt-files-for-years,https://www.zscaler.com/pdf/technicalbriefs/tb_advanced_persistent_threats.pdf,https://www.zscaler.com/blogs/research/1php-group-intrusion-set-paper,https://paper.seebug.org/papers/APT/APT_CyberCriminal_Campagin/2011/tb_advanced_persistent_threats.pdf,,,,,,,,,,,
APT26,Turbine Panda,,,,APT26,,,Hippo Team,,,JerseyMikes,,,,,"Cobalt, QuickPulse, credential stealers 
such as WCE, GSECDUMP, COATHOOK, HTRAN, SOGU, TWOCHAINS, QUICKBALL","Affected Industry: Aerospace and Defense, business and Professional Services/Legal/Accounting, High Tech Software and hardware services",Supply-chain attacks such as strategic web compromise (SWC) where the actor compromise 3rd-party service provider hosting the victim websites,,,https://go.crowdstrike.com/rs/281-OBQ-266/images/15GlobalThreatReport.pdf?mkt_tok=3RkMMJWWfF9wsRojuKrPZKXonjHpfsX/7e8tWrHr08Yy0EZ5VunJEUWy2ocITtQ/cOedCQkZHblFnV4AS626XrENqKML,https://www.crowdstrike.com/resources/wp-content/brochures/reports/huge-fan-of-your-work-intelligence-report.pdf,https://digit.fyi/lengthy-cyber-espionage-operation-helped-china-develop-c919-airliner/,,,,,,,,,,,,
Mirage,Vixen Panda,Ke3Chang,Playful Dragon,GREF,APT15,,,Social Network Team,,,"Mirage Team, Lurid, Social Network Team, Royal APT, Metushy, Winnti Umbrella",Umbrella Revolution,,,,"Mirage, (Nvidia program side-loading) PlugX, XSLCmd, TidePool, BS2005, RoyalCli, iWebRat, Russian-language decoy document, ENFAL, ENDCMD, QUICKHEAL, SOGU, CYFREE, MIRAGE, NOISEMAKER, QUICKHEAL, SWALLOWFLY","PH, VN, TW, US, UK, IT, PL, UN, SG, NATO - Gov, Political party",,,Some vendors track this group in up to 3 separate groups,http://arstechnica.com/security/2015/04/elite-cyber-crime-group-strikes-back-after-attack-by-rival-apt-gang/,https://www.fireeye.com/blog/threat-research/2014/09/forced-to-adapt-xslcmd-backdoor-now-on-os-x.html,https://www.fireeye.com/content/dam/fireeye-www/global/en/current-threats/pdfs/wp-operation-ke3chang.pdf,http://researchcenter.paloaltonetworks.com/2016/05/operation-ke3chang-resurfaces-with-new-tidepool-malware/,https://www.nccgroup.trust/uk/about-us/newsroom-and-events/blogs/2018/march/apt15-is-alive-and-strong-an-analysis-of-royalcli-and-royaldns/,https://github.com/nccgroup/Royal_APT,https://www.intezer.com/miragefox-apt15-resurfaces-with-new-tools-based-on-old-ones/,https://401trg.com/burning-umbrella/,https://www.crowdstrike.com/resources/reports/2019-crowdstrike-global-threat-report/,https://www.welivesecurity.com/2019/07/18/okrum-ke3chang-targets-diplomatic-missions/,,,,,
NetTraveler,,,NetTraveler,,APT21,,,,,,,,,,,NetTraveler,This threat actor targets computer networks associated with Tibetan and Uyghur activists for espionage purposes.,,,,https://securelist.com/blog/research/35936/nettraveler-is-running-red-star-apt-attacks-compromise-high-profile-victims/,https://securelist.com/blog/incidents/57455/nettraveler-is-back-the-red-star-apt-returns-with-new-tricks/,,,,,,,,,,,,,
Ice Fog,Dagger Panda,,IceFog,,,ICEFOG,,,,,Fucobha,,,,,"Dagger Three (C2 software), Fucobha Backdoor","This threat actor targets government institutions, military contractors, maritime and shipbuilding groups, telecommunications operators, and others, primarily in US, Taiwan, Japan and South Korea.",,Links to Onion Dog,,https://securelist.com/blog/research/57331/the-icefog-apt-a-tale-of-cloak-and-three-daggers/,https://securelist.com/blog/incidents/58209/the-icefog-apt-hits-us-targets-with-java-backdoor/,http://kasperskycontenthub.com/wp-content/uploads/sites/43/vlpdfs/icefog.pdf,http://www.darkreading.com/attacks-and-breaches/java-icefog-malware-variant-infects-us-businesses/d/d-id/1113451,https://www.anomali.com/blog/analyzing-digital-quartermasters-in-asia-do-chinese-and-indian-apts-have-a-shared-supply-chain,https://speakerdeck.com/ashley920/into-the-fog-the-return-of-icefog-apt,,,,,,,,,
Beijing Group,Sneaky Panda,,,,,,,,,,"Hydraq, SIG22, Elderwood, Elderwood Gang",Aurora,,,,"Hydraq, Elderwood Project","This threat actor targets private sector companies in the defense, shipping, aeronautics, arms, and energy sectors, as well as nonprofits and financial firms.",,,"Possibly assisted in Operation Aurora, the RSA incident, and the Joint Strike Fighter Program compromise",https://en.wikipedia.org/wiki/Operation_Aurora#Attackers_involved,http://www.symantec.com/content/en/us/enterprise/media/security_response/whitepapers/the-elderwood-project.pdf,http://www.csmonitor.com/USA/2012/0914/Stealing-US-business-secrets-Experts-ID-two-huge-cyber-gangs-in-China,https://blog.crysys.hu/2018/03/territorial-dispute-nsas-perspective-on-apt-landscape/,,,,,,,,,,,
APT22,,,,,,,,,,,,,,,,China Chopper,,,,Possible overlap with Beijing Group,http://www.slideshare.net/CTruncer/ever-present-persistence-established-footholds-seen-in-the-wild,,,,,,,,,,,,,,
Suckfly,,,,,,,,,,,,,,,,"Nidiran, Korplug, PlugX",Indian organisations and Republic of Korea,,,,http://www.symantec.com/connect/blogs/suckfly-revealing-secret-life-your-code-signing-certificates,,,,,,,,,,,,,,
APT4,Samurai Panda,PLA Navy,,,APT4,APT4,,Wisp Team,,,,,,,,,,,,“PdPD” (50 64 50 44) marker for encrypted binaries,http://www.crowdstrike.com/blog/whois-samurai-panda/,,,,,,,,,,,,,,
Pitty Tiger,Pitty Panda,,,,,Pitty Tiger,,,,,,,,,,"PittyTiger, Paladin RAT",,,,"""Pitty Tiger"" was originally the name of a malware payload by the malware tracker blog. Airbus and FireEye identified the actor as Chinese.  CrowdStrike uses ""tiger"" when naming adversaries alligned with India.  Crowdstrike associates the actor with the name ""Pitty Panda"" conforming to their naming convention for Chinese actors.",http://blog.airbuscybersecurity.com/post/2014/07/The-Eye-of-the-Tiger2,https://www.fireeye.com/blog/threat-research/2014/07/spy-of-the-tiger.html,http://blog.malwaretracker.com/2013/06/tomato-garden-campaign-possible.html,,,,,,,,,,,,
Scarlet Mimic,,,,,,,,,,Scarlet Mimic,,,,,,"FakeM, Psylo, MobileOrder",Uyghur and Tibetan activists as well as those who are interested in their causes,,,,http://researchcenter.paloaltonetworks.com/2016/01/scarlet-mimic-years-long-espionage-targets-minority-activists/,,,,,,,,,,,,,,
C0d0so,Codoso,,,,APT19,Sunshop Group,,,,,,Bassos Campaign,,,,"Bergard Trojan, Derusbi, TXER","Forbes,  Defense, Finance, Energy, Government, Political Dissidents, Global Think Tanks",Watering Hole,,,https://www.proofpoint.com/us/exploring-bergard-old-malware-new-tricks,http://www.isightpartners.com/2015/02/codoso/#sthash.VJMDVPQB.dpuf,http://researchcenter.paloaltonetworks.com/2016/01/new-attacks-linked-to-c0d0s0-group/,https://www.proofpoint.com/us/threat-insight/post/exploring-bergard-old-malware-new-tricks,,,,,,,,,,,
SVCMONDR,,,,,,,,,,,,,,,,CVE-2015-2545,"Taiwan, Thailand",,Tamper Panda,“PdPD” (50 64 50 44) marker for encrypted binaries,https://securelist.com/analysis/publications/74828/cve-2015-2545-overview-of-current-threats/,,,,,,,,,,,,,,
Wisp Team,,,,,APT4,,,Wisp Team,,,,,,,,,"Defense Industrial Base, US Government",,,"iSight has mentioned tracking a China-nexus group they dub ""Wisp Team"" - have not resolved this w/ other naming conventions",https://www.isightpartners.com/2014/04/weeks-threatscape-media-highlights-update-2/,https://www.isightpartners.com/2014/09/weeks-threatscape-media-highlights-update-22/,https://www.isightpartners.com/2015/01/threatscape-media-highlights-update-week-january-12/,,,,,,,,,,,,
Mana Team,,,,,,,,Mana Team,,,,,,,,,Australia,,,"iSight has mentioned tracking a China-nexus activity they dub ""Mana Team"", targeting Australian interests - have not resolved this w/ other naming conventions",https://www.isightpartners.com/2016/02/threatscape-media-highlights-update-week-of-february-17th/,,,,,,,,,,,,,,
TEMP.Zhenbao,,,,,,,,TEMP.Zhenbao,,,,,,,,,,,,,https://www.isightpartners.com/2014/11/threatscape-media-highlights-update-week-november-10/,http://www.securityweek.com/plugx-rat-used-gather-intel-afghan-russian-military-report,,,,,,,,,,,,,
SPIVY,,,,,,,,,,,,,,,,,Hong Kong dissidents,,,,http://researchcenter.paloaltonetworks.com/2016/04/unit42-new-poison-ivy-rat-variant-targets-hong-kong-pro-democracy-activists/,,,,,,,,,,,,,,
Mofang,,,,,,,,,,,,,,,,"ShimRAT, ShimRATReporter","Government, military, Critical Infrastructure,Automotive Industry*,Weapon Industry*, This threat actor compromises government and critical infrastructure entities, primarily in Myanmar, for espionage purposes. Myanmar, Canada, United States, Germany, India, South Korea, Singapore",,Superman,,https://blog.fox-it.com/2016/06/15/mofang-a-politically-motivated-information-stealing-adversary/,https://www.threatconnect.com/china-superman-apt/,,,,,,,,,,,,,
DragonOK,,,,,,DragonOK,,,,DragonOK,,,,,,"CVE-2015-1641, Sysget, IsSpace, Rambo Backdoor",Japan,,,,http://researchcenter.paloaltonetworks.com/2015/04/unit-42-identifies-new-dragonok-backdoor-malware-deployed-against-japanese-targets/,http://researchcenter.paloaltonetworks.com/2017/01/unit42-dragonok-updates-toolset-targets-multiple-geographic-regions/,https://blogs.forcepoint.com/security-labs/trojanized-adobe-installer-used-install-dragonok%E2%80%99s-new-custom-backdoor,http://www.morphick.com/resources/news/deep-dive-dragonok-rambo-backdoor,https://www.fireeye.com/content/dam/fireeye-www/global/en/current-threats/pdfs/wp-operation-quantum-entanglement.pdf,,,,,,,,,,
Group 27,,,,,,,,,Group 27,,,Seven Pointed Dagger,,,,"Trochilus RAT, PlugX, EvilGrab, 3102 variant of 9002 RAT",,,"Seven Pointed Dagger, Trochilus RAT",,https://www.arbornetworks.com/blog/asert/wp-content/uploads/2016/01/ASERT-Threat-Intelligence-Brief-2015-08-Uncovering-the-Seven-Pointed-Dagger.pdf,https://unit42.paloaltonetworks.com/unit42-trochilus-rat-new-moonwind-rat-used-attack-thai-utility-organizations/,,,,,,,,,,,,,
Tonto Team,,,CactusPete,,,Tonto Team,,,,,,,,,,,,,,,https://www.wsj.com/articles/chinas-secret-weapon-in-south-korea-missile-fight-hackers-1492766403?emailToken=JRrydPtyYnqTg9EyZsw31FwuZ7JNEOKCXF7LaW/HM1DLsjnUp6e6wLgph560pnmiTAN/5ssf7moyADPQj2p2Gc+YkL1yi0zhIiUM9M6aj1HTYQ==,,,,,,,,,,,,,,
TA459,,,,,,,,,,,,,,,,"PlugX, NetTraveler, ZeroT, PCrat, Gh0st","Central Asian countries, Russia, Belarus, Mongolia, and others",,,,https://www.proofpoint.com/us/threat-insight/post/apt-targets-financial-analysts#.WS3IBVFV4no.twitter,,,,,,,,,,,,,,
Tick,,,,BRONZE BUTLER,,,Tick,,,,REDBALDKNIGHT,ENDTRADE,,,,"whoami, procdump, VBS, WCE, Mimikatz, gsecdump, PsExec, Daserf, Gofarer, Datper",,,,,https://www.symantec.com/connect/blogs/tick-cyberespionage-group-zeros-japan,https://www.secureworks.jp/resources/rp-bronze-butler,https://researchcenter.paloaltonetworks.com/2017/07/unit42-tick-group-continues-attacks/,http://blog.jpcert.or.jp/2017/08/detecting-datper-malware-from-proxy-logs.html,https://www.secureworks.com/research/bronze-butler-targets-japanese-businesses,http://blog.trendmicro.com/trendlabs-security-intelligence/redbaldknight-bronze-butler-daserf-backdoor-now-using-steganography/,https://blog.talosintelligence.com/2018/10/tracking-tick-through-recent-campaigns.html,https://blog.trendmicro.com/trendlabs-security-intelligence/operation-endtrade-finding-multi-stage-backdoors-that-tick/,,,,,,,
Lucky Cat,,,,,,,,,,,"Shadow Network, SabPub",,,,,,"A threat actor targets computer networks associated with Tibetan activists, as well as military research and development, aerospace, engineering, and shipping industries in India and Japan.",,,,http://blog.trendmicro.com/trendlabs-security-intelligence/luckycat-redux-inside-an-apt-campaign/,http://www.nartv.org/mirror/shadows-in-the-cloud.pdf,https://securelist.com/blog/incidents/33208/new-version-of-osx-sabpub-confirmed-mac-apt-attacks-19/,http://www.securityweek.com/mac-malware-linked-luckycat-attack-campaign,http://www.infoworld.com/article/2617225/malware/sabpub-malware-proves-macs-are-an-apt-target.html,https://blog.talosintelligence.com/2019/02/exilerat-shares-c2-with-luckycat.html,https://www.symantec.com/content/en/us/enterprise/media/security_response/whitepapers/the_luckycat_hackers.pdf,,,,,,,,
TEMP.Periscope,Leviathan,,,,APT40,Temp.Periscope,,,,,"Temp.Jumper, GADOLINIUM, MUDCARP",,,,,"AIRBREAK, BADFLICK, PHOTO, HOMEFRY, LUNCHMONEY, MURKYTOP, China Chopper, Beacon, BLACKCOFFEE, CVE-2017-11882","maritime-related targets across multiple verticals, including engineering firms, shipping and transportation, manufacturing, defense, government offices, and research universities",,,,https://www.proofpoint.com/us/threat-insight/post/leviathan-espionage-actor-spearphishes-maritime-and-defense-targets,https://www.fireeye.com/blog/threat-research/2018/03/suspected-chinese-espionage-group-targeting-maritime-and-engineering-industries.html,https://www.fireeye.com/blog/threat-research/2018/07/chinese-espionage-group-targets-cambodia-ahead-of-elections.html,https://www.fireeye.com/blog/threat-research/2019/03/apt40-examining-a-china-nexus-espionage-actor.html,https://www.anomali.com/blog/analyzing-digital-quartermasters-in-asia-do-chinese-and-indian-apts-have-a-shared-supply-chain,https://lab52.io/blog/leviathan-geostrategy-and-ttp-technical-tactics-and-procedures/,https://prezi.com/view/jGyAzyy5dTOkDrtwsJi5/,,,,,,,,
PassCV,,,,TG-3279,,,,,,,"Winnti Umbrella, China Cracking Group, ",,,,,"Sabre, Kitkiot, Conpee, Etso, Runxx, dnsenum, s (custom port scanner), rdp_crk, icmp_shell, Jynxkit, Gh0st RAT, NetCommander, Carberp RAT",Gaming Companies,,Winnti,"Personas: Laurentiu Moon, Sincoder",https://blog.cylance.com/digitally-signed-malware-targeting-gaming-companies,https://401trg.com/burning-umbrella/,https://www.secureworks.com/research/threat-group-3279-targets-the-video-game-industry#up2,,,,,,,,,,,,
BARIUM,,,,TG-2633,,,,,,,"Winnti Umbrella, BRONZE ATLAS",,,,,Winnti Rootkit malware,"Electronic gaming, multimedia, Internet content industries, technology companies",,Winnti,,https://cloudblogs.microsoft.com/microsoftsecure/2017/01/25/detecting-threat-actors-in-recent-german-industrial-attacks-with-windows-defender-atp/?source=mmpc,https://401trg.pw/burning-umbrella/,,,,,,,,,,,,,
LEAD,,,,,,,,,,,Winnti Umbrella,Bayer Cyber Attack,,,,Winnti Rootkit malware,"Multinational, multi-industry companies, textiles, chemicals, electronics, pharmaceutical companies, manufacturing",,Winnti,,https://cloudblogs.microsoft.com/microsoftsecure/2017/01/25/detecting-threat-actors-in-recent-german-industrial-attacks-with-windows-defender-atp/?source=mmpc,https://401trg.pw/burning-umbrella/,https://www.france24.com/en/20190404-bayer-victim-cyber-attack-german-media,,,,,,,,,,,,
Iron Group,,,,,,,,,,,Rocke,,,,,XBash,"Cybercrime, Cryptomining, Cryptojacking",,,,https://researchcenter.paloaltonetworks.com/2018/09/unit42-xbash-combines-botnet-ransomware-coinmining-worm-targets-linux-windows/,https://blog.talosintelligence.com/2018/12/cryptomining-campaigns-2018.html,https://unit42.paloaltonetworks.com/malware-used-by-rocke-group-evolves-to-evade-detection-by-cloud-security-products/,https://blog.talosintelligence.com/2018/08/rocke-champion-of-monero-miners.html,https://www.anomali.com/blog/rocke-evolves-its-arsenal-with-a-new-malware-family-written-in-golang#When:18:10:00Z,,,,,,,,,,
Anchor Panda,Anchor Panda,,,,,,,,,,,,,,,"Adobe Gh0st, Poison Ivy, Torn RAT","This threat actor targets government and private sector entities interested in maritime issues in the South China Sea for espionage purposes. Maritime satellite systems, aerospace companies, and defense contractors.",,,“PdPD” (50 64 50 44) marker for encrypted binaries,http://www.crowdstrike.com/blog/whois-anchor-panda/,,,,,,,,,,,,,,
Big Panda,,,,,,,,,,,,,,,,,Financial services firms,,,Mentioned by Alperovitch in 2013 article as targeting financial services industry,http://www.darkreading.com/attacks-and-breaches/crowdstrike-falcon-traces-attacks-back-to-hackers/d/d-id/1110402?,,,,,,,,,,,,,,
Electric Panda,,,,,,,,,,,,,,,,,,,,Listed on slide 8,http://www.slideshare.net/CrowdStrike/crowd-casts-monthly-you-have-an-adversary-problem,,,,,,,,,,,,,,
Eloquent Panda,,,,,,,,,,,,,,,,,,,,Mentioned slide 15,http://files.sans.org/summit/Threat_Hunting_Incident_Response_Summit_2016/PDFs/Detecting-and-Responding-to-Pandas-and-Bears-Christopher-Scott-CrowdStrike-and-Wendi-Whitmore-IBM.pdf,,,,,,,,,,,,,,
Emissary Panda,Emissary Panda,,LuckyMouse,"BRONZE UNION, TG-3390",APT27,,,TEMP.Hippo,Group 35,,"ZipToken, Iron Tiger",Iron Tiger,A Tale of Two Targets	,,,"PlugX, China Chopper Webshell, HttpBrowser, Hunter, ASPXTool, wce, gsecdump, nbtscan, htran","US Gov and contractors, Western think tanks",,,,http://www.secureworks.com/cyber-threat-intelligence/threats/threat-group-3390-targets-organizations-for-cyberespionage/,http://newsroom.trendmicro.com/blog/operation-iron-tiger-attackers-shift-east-asia-united-states,https://www.threatconnect.com/blog/threatconnect-discovers-chinese-apt-activity-in-europe/,https://www.secureworks.com/research/bronze-union,https://www.nccgroup.trust/uk/about-us/newsroom-and-events/blogs/2018/april/decoding-network-data-from-a-gh0st-rat-variant/,https://securelist.com/luckymouse-hits-national-data-center/86083/,https://securelist.com/luckymouse-ndisproxy-driver/87914/,https://www.crowdstrike.com/resources/reports/2019-crowdstrike-global-threat-report/,https://www.secureworks.com/research/a-peek-into-bronze-unions-toolbox,,,,,,
Foxy Panda,Foxy Panda,,,,,,,,,,,,,,,,Technology & Communications,,,Listed slide 4,http://files.sans.org/summit/Threat_Hunting_Incident_Response_Summit_2016/PDFs/Detecting-and-Responding-to-Pandas-and-Bears-Christopher-Scott-CrowdStrike-and-Wendi-Whitmore-IBM.pdf,,,,,,,,,,,,,,
Gibberish Panda,Gibberish Panda,,,,,,,,,,,,,,,,,,,Listed slide 8,http://www.slideshare.net/CrowdStrike/crowd-casts-monthly-you-have-an-adversary-problem,,,,,,,,,,,,,,
Goblin Panda,Goblin Panda,,Cycldek,,,,,,,,"Cycldek, Conimes Team, China1937CN Team",,,,,"ZeGhost, PlugX","Southeast Asia, Government of Vietnam",,,"Weaponizer leaked, new activity wrongly attributed to this long inactive group, possible links to Icefog/Dagger Panda and Temp.Periscope/APT40",http://www.crowdstrike.com/blog/rhetoric-foreshadows-cyber-activity-in-the-south-china-sea/,https://www.crowdstrike.com/blog/meet-crowdstrikes-adversary-of-the-month-for-august-goblin-panda/,https://www.anomali.com/blog/analyzing-digital-quartermasters-in-asia-do-chinese-and-indian-apts-have-a-shared-supply-chain,https://www.fortinet.com/blog/threat-research/cta-security-playbook--goblin-panda.html,,,,,,,,,,,
Hammer Panda,,,,,,,,,,,,,,,,,Russia,,,,http://www.darkreading.com/endpoint/chinese-cyberspies-pivot-to-russia-in-wake-of-obama-xi-pact/d/d-id/1324242,,,,,,,,,,,,,,
Hurricane Panda,Hurricane Panda,,,,APT31,,Black Vine,TEMP.Avengers,,,Zirconium,Umbrella Revolution,Op. Poisoned Hurricane,,,"China Chopper Webshell, PlugX, Mimikatz, Sakula","Aerospace, Healthcare, Energy (gas & electric turbine manufacturing), Military and defense, Finance, Agriculture, Technology, Japan, United States, United Kingdom, India, Canada, Brazil, South Africa, Australia, Thailand, South Korea, France, Switzerland, Sweden, Finland, Norway",,,used free DNS servers provided by Hurricane Electric,http://www.crowdstrike.com/blog/cyber-deterrence-in-action-a-story-of-one-long-hurricane-panda-campaign/,http://blog.crowdstrike.com/crowdstrike-discovers-use-64-bit-zero-day-privilege-escalation-exploit-cve-2014-4113-hurricane-panda/,http://blog.airbuscybersecurity.com/post/2015/09/APT-BlackVine-Malware-Sakula,https://www.symantec.com/connect/blogs/black-vine-formidable-cyberespionage-group-targeted-aerospace-healthcare-2012,http://blog.airbuscybersecurity.com/post/2015/10/Malware-Sakula-Evolutions-%28Part-2/2%29,https://blog.confiant.com/uncovering-2017s-largest-malvertising-operation-b84cd38d6b85,https://uk.reuters.com/article/uk-china-cyber-norway-visma/china-hacked-norways-visma-to-steal-client-secrets-investigators-idUKKCN1PV14R,https://raw.githubusercontent.com/GuardaCyber/APT-Groups-and-Operations/master/Reports/FireEye%20Intel%20-%20APT31%20Threat%20Group%20Profile.pdf,,,,,,,
Impersonating Panda,Impersonating Panda,,,,,,,,,,,,,,,,Financial sector,,,,,,,,,,,,,,,,,,
Judgement Panda,,,,,,,,,,,,,,,,"Spear-phishing, URL “web bugs” and scheduled tasks to automate credential harvesting","Upstream providers (e.g., law firms and managed service providers) to support additional intrusions against high-profile assets",,,,https://www.crowdstrike.com/resources/reports/2019-crowdstrike-global-threat-report/,,,,,,,,,,,,,,
Karma Panda,Karma Panda,CactusPete,CactusPete,,,,,Tonto Team,,,"Bisonal (malware), Lone Ranger",,,,,,Dissident groups,,,Listed slide 4,http://files.sans.org/summit/Threat_Hunting_Incident_Response_Summit_2016/PDFs/Detecting-and-Responding-to-Pandas-and-Bears-Christopher-Scott-CrowdStrike-and-Wendi-Whitmore-IBM.pdf,https://securelist.com/apt-trends-report-q1-2019/90643/,,,,,,,,,,,,,
Keyhole Panda,Keyhole Panda,,,,,,,temp.bottle,,,,,,,,,Electronics & Communications,,,Listed slide 4,http://files.sans.org/summit/Threat_Hunting_Incident_Response_Summit_2016/PDFs/Detecting-and-Responding-to-Pandas-and-Bears-Christopher-Scott-CrowdStrike-and-Wendi-Whitmore-IBM.pdf,,,,,,,,,,,,,,
Kryptonite Panda,,,,,,,,,,,,,,,,8.t exploit document builder,Cambodia,,,,https://www.crowdstrike.com/resources/reports/2019-crowdstrike-global-threat-report/,,,,,,,,,,,,,,
Mustang Panda,,,HoneyMyte,,,,,,,,,,,,,,"Mining sector in Mongolia, private individuals",,,,https://www.crowdstrike.com/resources/reports/2019-crowdstrike-global-threat-report/,https://www.anomali.com/blog/china-based-apt-mustang-panda-targets-minority-groups-public-and-private-sector-organizations#When:17:14:00Z,https://www.crowdstrike.com/blog/meet-crowdstrikes-adversary-of-the-month-for-june-mustang-panda/,,,,,,,,,,,,
Night Dragon,Night Dragon,,,,,,,,,,,Night Dragon,,,,,"A threat actor compromised U.S. oil companies through spear phishing and remote administration tools. Oil, Energy and Petrochemical (OpNightDragon)",,,,https://kc.mcafee.com/corporate/index?page=content&id=KB71150,http://www.mcafee.com/us/resources/white-papers/wp-global-energy-cyberattacks-night-dragon.pdf,,,,,,,,,,,,,
Nightshade Panda,Nightshade Panda,,,,APT9,,,,,,,Agriculture in EU,,,,"Poison Ivy, PlugX, BIGJOLT,FUNRUN,GH0ST,HOMEUNIX,JIM A,PHOTO,POISON IVY,SKINNYGENE,SOGU,VICEROY,VIPSH ELL,WETHEAD,XDOOR,ZXSHELL","HK, US, SG, MY, JP, IN, KR, TH, TW - Aerospace, Agriculture, Construction, Energy, Healthcare, ,High Tech, Media, Transportation",,,,https://otx.alienvault.com/pulse/55bbc68e67db8c2d547ae393/,,,,,,,,,,,,,,
Nomad Panda,,,,,,,,,,,,,,,,8.t exploit document builder,Central Asian nations,,,,https://www.crowdstrike.com/resources/reports/2019-crowdstrike-global-threat-report/,,,,,,,,,,,,,,
Pale Panda,,,,,,,,,,,,,,,,PlugX,,,,Mentioned in 2014 Crowdstrike Global Threat Intel Report pg 22,http://go.crowdstrike.com/rs/281-OBQ-266/images/ReportGlobalThreatIntelligence.pdf,,,,,,,,,,,,,,
Pirate Panda,Pirate Panda,,,,,,,,,,KeyBoys,,,,,,,Southeast Asia,,,http://www.crowdstrike.com/blog/rhetoric-foreshadows-cyber-activity-in-the-south-china-sea/,http://www.pwc.co.uk/issues/cyber-security-data-privacy/research/the-keyboys-are-back-in-town.html,https://blog.rapid7.com/2013/06/07/keyboy-targeted-attacks-against-vietnam-and-india/,https://blogs.cisco.com/security/scope-of-keyboy-targeted-malware-attacks,https://citizenlab.ca/2016/11/parliament-keyboy/,,,,,,,,,,
Poisonous Panda,Poisonous Panda,,,,,,,,,,,,,,,,"Energy technology, G20, NGOs, Dissident Groups",,,Listed slide 4,http://files.sans.org/summit/Threat_Hunting_Incident_Response_Summit_2016/PDFs/Detecting-and-Responding-to-Pandas-and-Bears-Christopher-Scott-CrowdStrike-and-Wendi-Whitmore-IBM.pdf,,,,,,,,,,,,,,
Predator Panda,Predator Panda,,,,,,,,,,,,,,,PlugX,Southeast Asia,,,Mentioned pg 22 & 42,http://go.crowdstrike.com/rs/281-OBQ-266/images/ReportGlobalThreatIntelligence.pdf,,,,,,,,,,,,,,
Radio Panda,Radio Panda,,,,,,,,,,,,,,,,,,,,,,,,,,,,,,,,,,
Sabre Panda,,,,,,,,,,,,,,,,,Umbrella Revolution,,,Listed in 2014 Global Threat Report (pg 9) - observed in Umbrella Revolution related activity (pg 28),http://go.crowdstrike.com/rs/281-OBQ-266/images/ReportGlobalThreatIntelligence.pdf,,,,,,,,,,,,,,
Spicy Panda,,,,,,,,,,,,,,,,,,,,Listed in 2014 Global Threat Report - no more details pg 9,http://go.crowdstrike.com/rs/281-OBQ-266/images/ReportGlobalThreatIntelligence.pdf,,,,,,,,,,,,,,
Stone Panda,Stone Panda,,,,APT10,,,MenuPass Team,,menuPass,"Red Apollo, CVNX, POTASSIUM, Cloud Hopper, Hogfish",menuPass,Dust Storm,Cloud Hopper,ChessMaster,"Poison Ivy, EvilGrab, IEChecker, ChChes, PlugX, RedLeaves, Quasar, CobaltStrike, Trochilus, UPPERCUT (aka ANEL), StoneNetLoader","Healthcare; Pharma, Defense, Aerospace, Government, MSP, ","Data exfil over common TCP services (RDP, HTTPS)","Compromise & Persistence: BUGJUICE, SOGU, SNUGRIDE, Group 27",Profile slide 13 & 14,http://www.slideshare.net/CrowdStrike/crowd-casts-monthly-you-have-an-adversary-problem,http://researchcenter.paloaltonetworks.com/2017/02/unit42-menupass-returns-new-malware-new-attacks-japanese-academics-organizations/,https://www.fireeye.com/content/dam/fireeye-www/global/en/current-threats/pdfs/rpt-poison-ivy.pdf,https://www.cylance.com/hubfs/2015_cylance_website/assets/operation-dust-storm/Op_Dust_Storm_Report.pdf,https://www.isightpartners.com/2016/02/threatscape-media-highlights-update-week-february-24th/,https://threatpost.com/poison-ivy-rat-spotted-in-three-new-attacks/102022/,https://www.pwc.co.uk/issues/cyber-security-data-privacy/insights/operation-cloud-hopper.html,http://blog.trendmicro.com/trendlabs-security-intelligence/chessmaster-cyber-espionage-campaign/,https://www.us-cert.gov/ncas/alerts/TA17-117A,https://www.accenture.com/t20180423T055005Z__w__/se-en/_acnmedia/PDF-76/Accenture-Hogfish-Threat-Analysis.pdf,https://www.lac.co.jp/lacwatch/people/20180521_001638.html,https://www.fireeye.com/blog/threat-research/2018/09/apt10-targeting-japanese-corporations-using-updated-ttps.html,https://www.crowdstrike.com/resources/reports/2019-crowdstrike-global-threat-report/,https://blog.ensilo.com/uncovering-new-activity-by-apt10,
Temper Panda,Temper Panda,Admin338,Team338,,,admin@338,,338 Team,,,,Umbrella Revolution,admin@338,,,"Poison Ivy, jRat, LOWBALL, BUBBLEWRAP","Target Gov + Military, DIB, Finiancial/Think Tanks, Telco, Academia, Religious organisations",,,“PdPD” (50 64 50 44) marker for encrypted binaries,https://www.fireeye.com/blog/threat-research/2013/10/know-your-enemy-tracking-a-rapidly-evolving-apt-actor.html,https://www.fireeye.com/blog/threat-research/2015/11/china-based-threat.html,https://www.fireeye.com/blog/threat-research/2015/11/china-based-threat.html,,,,,,,,,,,,
Test Panda,Test Panda,,,,,,,,,,,,,,,,,,,Listed slide 8,http://www.slideshare.net/CrowdStrike/crowd-casts-monthly-you-have-an-adversary-problem,,,,,,,,,,,,,,
Toxic Panda,Toxic Panda,,,,,,,,,,,,,,,,Dissident Groups,,,Listed slide 4,http://files.sans.org/summit/Threat_Hunting_Incident_Response_Summit_2016/PDFs/Detecting-and-Responding-to-Pandas-and-Bears-Christopher-Scott-CrowdStrike-and-Wendi-Whitmore-IBM.pdf,,,,,,,,,,,,,,
Union Panda,Union Panda,,,,,,,,,,,,,,,,Industrial companies,,,Listed slide 4,http://files.sans.org/summit/Threat_Hunting_Incident_Response_Summit_2016/PDFs/Detecting-and-Responding-to-Pandas-and-Bears-Christopher-Scott-CrowdStrike-and-Wendi-Whitmore-IBM.pdf,,,,,,,,,,,,,,
Violin Panda,Violin Panda,,,,APT8,APT20,,,,,Covert Grove,Nitro Attacks,th3bug,,,"Poison Ivy, CAKELOG, CANDYCLOG, COOKIECLOG, CETTRA","Energy, Chemical Industry, Healthcare and Pharma",,,Listed slide 12,http://www.slideshare.net/CrowdStrike/crowdcast-monthly-operationalizing-intelligence-34141777,http://www.symantec.com/content/en/us/enterprise/media/security_response/whitepapers/the_nitro_attacks.pdf,,,,,,,,,,,,,
Wet Panda,Wet Panda,,,,,,,,,,,,,,,PlugX,Energy ,,,Mentioned in 2014 Global Threat Report using PlugX (pg 22),http://go.crowdstrike.com/rs/281-OBQ-266/images/ReportGlobalThreatIntelligence.pdf,http://www.slideshare.net/CrowdStrike/crowdcast-monthly-operationalizing-intelligence-34141777,,,,,,,,,,,,,
?,,,,,,,,,,,,Four Element Sword,,,,"UP007, SLServer, Grabber, T9000, Kivars, PlugX, Gh0StRAT, Agent.XST","Tibetans, Hong Kong, Taiwanese interests and human rights workers, Uyghur Interests",Active,IXESHE (see PWC report),,https://www.arbornetworks.com/blog/asert/four-element-sword-engagement/,https://citizenlab.org/2016/04/between-hong-kong-and-burma/,http://pwc.blogs.com/cyber_security_updates/2016/03/taiwant-election-targetting.html,,,,,,,,,,,,
?,,,,,,,,,,,,INOCNATION,,,,,,,"IXESHE (malware), Etumbot, Numbered Panda",,https://web.archive.org/web/20151217200415/https://www.fidelissecurity.com/sites/default/files/FTA_1020_Fidelis_Inocnation_FINAL.pdf,,,,,,,,,,,,,,
?,,,,,,,,,,,,Poisoned Helmand,,,,,Afghan Government,Watering Hole,Operation Poisoned Hurricane,,https://www.threatconnect.com/operation-poisoned-helmand/,,,,,,,,,,,,,,
?,,,,,,,,,,,,Titan Rain,,,,,USA,,,,http://web.archive.org/web/20081011233241/http://www.breitbart.com/news/2005/12/12/051212224756.jwmkvntb.html,,,,,,,,,,,,,,
?,Maverick Panda,PLA Navy,Sykipot,,,,,,,,,"Sykipot, Getkys, Wyksol",,,,,DIB (Defence Industrial Base) and other government organizations,,,,https://www.alienvault.com/open-threat-exchange/blog/new-sykipot-developments,http://blog.trendmicro.com/trendlabs-security-intelligence/sykipot-now-targeting-us-civil-aviation-sector-information/,,,,,,,,,,,,,
Calypso,,,,,,,,,,,"Links to Skyipot, Pitty Tiger, Comment Crew, Mirage",,,,,"Byebe, CMStar, Calypso RAT, PlugX",,,,,https://www.ptsecurity.com/ww-en/analytics/calypso-apt-2019/,,,,,,,,,,,,,,
Tropic Trooper,KeyBoy,,,,,,,,,,,,,,,"Poison Ivy, PCShare, Yahoyah","Taiwan, High-Tech in Asia, Taiwanese Government, Fossil Fuel Provider, Taiwanese, Philippine, and Hong Kong targets, focusing on their government, healthcare, transportation, and high-tech industries",,,"Group based in Xiamen, in same area as PLA Navy. Likely a navy SIGINT TRB",http://researchcenter.paloaltonetworks.com/2016/11/unit42-tropic-trooper-targets-taiwanese-government-and-fossil-fuel-provider-with-poison-ivy/,https://blog.trendmicro.com/trendlabs-security-intelligence/tropic-trooper-new-strategy/,,,,,,,,,,,,,
APT41,,,,,APT41,,,,,,,,,,,"CRACKSHOT, GEARSHIFT, HIGHNOON, JUMPALL, POISONPLUG, HOTCHAI, LATELUNCH, LIFEBOAT, LOWKEY, NJRAT, PACMAN, PHOTO, POTROAST, ROCKBOOT, SAGEHIRE, SWEETCANDLE, SOGU, TERA, TIDYELF, WIDETONE, WINTERLOVE, XDoor, Xmrig, ZxShell",,,,Overlap with BARIUM and Winnti,https://www.fireeye.com/blog/threat-research/2019/08/apt41-dual-espionage-and-cyber-crime-operation.html,https://www.fireeye.com/blog/threat-research/2019/08/game-over-detecting-and-stopping-an-apt41-operation.html,https://www.fireeye.com/blog/threat-research/2019/10/messagetap-who-is-reading-your-text-messages.html,,,,,,,,,,,,
Poison Carp,,,,,,,,,,,,Evil Eye,,,,,This threat actor targets smartphones associated with Tibetan and Uyghur activists for espionage purposes.,Strategic web compromise (watering hole),,,https://citizenlab.ca/2019/09/poison-carp-tibetan-groups-targeted-with-1-click-mobile-exploits/,https://googleprojectzero.blogspot.com/2019/08/a-very-deep-dive-into-ios-exploit.html,https://www.volexity.com/blog/2019/09/02/digital-crackdown-large-scale-surveillance-and-exploitation-of-uyghurs/,,,,,,,,,,,,
AVIVORE,,,,,,,,,,,,Airbus Attack,,,,"PlugX, Mimikatz, WmiExec ",aerospace and defence industries in the UK and Europe,,,,https://www.contextis.com/en/blog/avivore,https://www.cert.ssi.gouv.fr/uploads/CERTFR-2019-CTI-005.pdf,,,,,,,,,,,,,
APT-C-01,,,,,,,,,,,PoisonVine,,,,,"Poison Ivy, ZxShell, Kanbox RAT, CVE-2012-0158, CVE-2014-6352, CVE-2017-8759","government agencies, military individuals, research institutes, maritime agencies",,,,https://www.virusbulletin.com/uploads/pdf/conference_slides/2019/VB2019-GuPan.pdf,,,,,,,,,,,,,,
DarkUniverse,,,,,,,,,,,,,,,,ItaDuke,"Tibet and Uyghur activists, Syria, Iran, Afghanistan, Tanzania, Ethiopia, Sudan, Russia, Belarus and the United Arab Emirates",Spearphishing w/CVE-2013-0640 weaponized PDF,,,https://securelist.com/new-uyghur-and-tibetan-themed-attacks-using-pdf-exploits/35465/,https://www.alienvault.com/blogs/labs-research/latest-adobe-pdf-exploit-used-to-target-uyghur-and-tibetan-activists,https://securelist.com/darkuniverse-the-mysterious-apt-framework-27/94897/,,,,,,,,,,,,
Taskmasters,,,,,,,,,,,,,,,,"RemShell, 404-Input-shell, Eternal Blue, Scheduled Tasks","Military, government, telecommunication, small businesses",,,,https://www.ptsecurity.com/ww-en/analytics/operation-taskmasters-2019/,https://www.youtube.com/watch?v=XYuclHsoQO4&feature=youtu.be,,,,,,,,,,,,,